Orbach Library+Acquisitions Department=Acq;Dept.
Orbach Library+General Collection=Orbach
Orbach Library+Map Air Photo=Map;Air;Photo
Orbach Library+WRCA Map Air Photo=WRCA;Map;Air Photo
Orbach Library+Map Alcove=Map;Alcove
Orbach Library+WRCA Map Alcove=WRCA;Map;Alcove
Orbach Library+Map Atlas Oversize=Map;Atlas;Oversize
Orbach Library+WRCA Map Atlas Oversize=WRCA;Map;Oversize
Orbach Library+Map Atlas=Map;Atlas
Orbach Library+WRCA Map Atlas=WRCA;Map;Atlas
Orbach Library+Map Cases=Map ORB
Orbach Library+WRCA Map Cases=WRCA;Map Case
Orbach Library+Map Desk=Map;Desk
Orbach Library+WRCA Map Desk=WRCA;Map;Desk
Orbach Library+Map Digital Room=Map;Digital Rm
Orbach Library+Map Folded=Map;Folded
Orbach Library+WRCA Map Folded=WRCA;Map;Folded
Orbach Library+Map Local Collection=Map;Local Coll
Orbach Library+WRCA Map Local Collection=WRCA;Map;Local Coll
Orbach Library+Map Media CD=Map;Media;CD
Orbach Library+WRCA Map Media CD=WRCA;Map;CD
Orbach Library+Map Media DVD=Map;Media;DVD
Orbach Library+Map Microfiche=Map;Mfiche
Orbach Library+WRCA Map Microfiche=WRCA;Map;Mfiche
Orbach Library+Map Microfilm=Map;Mfilm
Orbach Library+WRCA Map Microfilm=WRCA;Map;Mfilm
Orbach Library+WRCA Map Oversize=WRCA;Map;Oversize
Orbach Library+WRCA Map Ref=WRCA;Map;Ref
Orbach Library+Map Reference=Map;Ref
Orbach Library+Map Stacks=Map;Collection
Orbach Library+WRCA Map Stacks=WRCA;Map
Orbach Library+Metadata and Technical Services=MTS;Dept.
Orbach Library+Microfilm=Orbach;Mfilm
Orbach Library+Orbach Circulation Desk=Orbach;Circ Desk
Orbach Library+Orbach Microcard=Orbach;Mcard
Orbach Library+Orbach Microfiche 4x6=Orbach;Mfiche
Orbach Library+Orbach Microfiche=Orbach;Mfiche
Orbach Library+Orbach Patent CD=Orbach;Patent;CD
Orbach Library+Orbach Patent DVD=Orbach;Patent;DVD
Orbach Library+Orbach Patent=Orbach;Patent
Orbach Library+Orbach Popular Science=Orbach;PopSci
Orbach Library+Orbach Reference Desk=Orbach;Ref;Desk
Orbach Library+Orbach Reference Oversize=Orbach;Oversize
Orbach Library+Orbach Reference=Orbach;Ref
Orbach Library+Orbach Reserve Blu Ray=Orbach;Reserve;BluRay
Orbach Library+Orbach Reserve CD=Orbach;Reserve;CD
Orbach Library+Orbach Reserve DVD=Orbach;Reserve;DVD
Orbach Library+Orbach Reserve Video Tape=Orbach;Reserve;Video Tape
Orbach Library+Orbach Reserve=Orbach;Reserve
Orbach Library+Orbach Reserve=Orbach;Reserve
Orbach Library+Orbach Stacks Flat=Orbach;Flat
Orbach Library+Orbach Stacks Oversize=Orbach;Oversize
Orbach Library+Orbach Stacks WRCA=Orbach
Orbach Library+Orbach Stacks=Orbach
Orbach Library+Preservation Services=Pres.;Svcs.
Orbach Library+WRCA Circulation Desk Media CD=WRCA;Circ;CD
Orbach Library+WRCA Circulation Desk Media DVD=WRCA;Circ;DVD
Orbach Library+WRCA Circulation Desk=WRCA;Circ Desk
Orbach Library+WRCA Map Case=WRCA;Map Case
Orbach Library+WRCA Oversize=WRCA;Oversize
Orbach Library+WRCA Reference=WRCA;Ref
Orbach Library+WRCA Stacks=WRCA
Rivera Library+Collection Strategies Pam.=Coll.;Strat.;Pam
Rivera Library+Collection Strategies=Coll.;Strat. 
Rivera Library+Education Curriculum=Educ;Curriculum
Rivera Library+Education Hanging Bag=Educ;Hanging
Rivera Library+Education Juvenile Big Book=Educ;Juv;BigBook
Rivera Library+Education Juvenile Tiny Book=Educ;Juv;Tiny
Rivera Library+Education Juvenile=Educ;Juv
Rivera Library+Education Media=Educ;Media
Rivera Library+Education Oversize=Educ;Oversize
Rivera Library+Education Poster=Educ;Poster
Rivera Library+Education Print=Educ;Print
Rivera Library+Education Secured Test=Educ;Secured;Test
Rivera Library+Education Textbook Big Book=Educ;Txtbk;BigBook
Rivera Library+Education Textbook=Educ;Textbook
Rivera Library+Education Textbook=Educ;Txtbk
Rivera Library+Education Miscellaneous=Educ;Misc
Rivera Library+General Collection=Rivera
Rivera Library+Government Documents Atlas=GovDoc;Atlas
Rivera Library+Government Documents CA=GovDoc;CA
Rivera Library+Government Documents Foreign Argentina=GovDoc;Foreign;AR
Rivera Library+Government Documents Foreign Australia=GovDoc;Foreign;AU
Rivera Library+Government Documents Foreign Brazil=GovDoc;Foreign;BR
Rivera Library+Government Documents Foreign China=GovDoc;Foreign;CN
Rivera Library+Government Documents Foreign Costa Rica=GovDoc;Foreign;CR
Rivera Library+Government Documents Foreign Finland=GovDoc;Foreign;FI
Rivera Library+Government Documents Foreign France=GovDoc;Foreign;FR
Rivera Library+Government Documents Foreign Germany=GovDoc;Foreign;DE
Rivera Library+Government Documents Foreign Greece=GovDoc;Foreign;GR
Rivera Library+Government Documents Foreign Guatemala=GovDoc;Foreign;GT
Rivera Library+Government Documents Foreign India=GovDoc;Foreign;IN
Rivera Library+Government Documents Foreign Iran=GovDoc;Foreign;IR
Rivera Library+Government Documents Foreign Israel=GovDoc;Foreign;IL
Rivera Library+Government Documents Foreign Japan=GovDoc;Foreign;JP
Rivera Library+Government Documents Foreign Kuwait=GovDoc;Foreign;KW
Rivera Library+Government Documents Foreign Libya=GovDoc;Foreign;LY
Rivera Library+Government Documents Foreign Mexico=GovDoc;Foreign;MX
Rivera Library+Government Documents Foreign Pakistan=GovDoc;Foreign;PK
Rivera Library+Government Documents Foreign Panama=GovDoc;Foreign;PA
Rivera Library+Government Documents Foreign Paraguy=GovDoc;Foreign;PY
Rivera Library+Government Documents Foreign Peru=GovDoc;Foreign;PE
Rivera Library+Government Documents Foreign Russia=GovDoc;Foreign;RU
Rivera Library+Government Documents Foreign Spain=GovDoc;Foreign;ES
Rivera Library+Government Documents Foreign Taiwan=GovDoc;Foreign;TW
Rivera Library+Government Documents Foreign Thailand=GovDoc;Foreign;TH
Rivera Library+Government Documents Foreign United Kingdom=GovDoc;Foreign;GB
Rivera Library+Government Documents Foreign Uruguay=GovDoc;Foreign;UY
Rivera Library+Government Documents Foreign Venezuela=GovDoc;Foreign;VE
Rivera Library+Government Documents International Agency=GovDoc;Intl;Agency
Rivera Library+Government Documents International EC=GovDoc;Intl;EC
Rivera Library+Government Documents International ECMT=GovDoc;Intl;ECMT
Rivera Library+Government Documents International EFTA=GovDoc;Intl;EFTA
Rivera Library+Government Documents International ENEA=GovDoc;Intl;ENEA
Rivera Library+Government Documents International GATT=GovDoc;Intl;GATT
Rivera Library+Government Documents International IAEA=GovDoc;Intl;IAEA
Rivera Library+Government Documents International IASI=GovDoc;Intl;IASI
Rivera Library+Government Documents International IBRD=GovDoc;Intl;IBRD
Rivera Library+Government Documents International ICJ=GovDoc;Intl;ICJ
Rivera Library+Government Documents International IDB=GovDoc;Intl;IDB
Rivera Library+Government Documents International IEA=GovDoc;Intl;IEA
Rivera Library+Government Documents International IIEP=GovDoc;Intl;IIEP
Rivera Library+Government Documents International ILO=GovDoc;Intl;ILO
Rivera Library+Government Documents International IMF=GovDoc;Intl;IMF
Rivera Library+Government Documents International IOM=GovDoc;Intl;IOM
Rivera Library+Government Documents International LON=GovDoc;Intl;LON
Rivera Library+Government Documents International NATO=GovDoc;Intl;NATO
Rivera Library+Government Documents International NEA=GovDoc;Intl;NEA
Rivera Library+Government Documents International OAS=GovDoc;Intl;OAS
Rivera Library+Government Documents International OECD=GovDoc;Intl;OECD
Rivera Library+Government Documents International OPEC=GovDoc;Intl;OPEC
Rivera Library+Government Documents International WMO=GovDoc;Intl;WMO
Rivera Library+Government Documents International WTO=GovDoc;Intl;WTO
Rivera Library+Government Documents Law CA=GovDoc;Law;CA
Rivera Library+Government Documents Law US=GovDoc;Law;US
Rivera Library+Government Documents Law=GovDoc;Law
Rivera Library+Government Documents LC Collection=GovDoc;LC Coll
Rivera Library+Government Documents List CA=GovDoc;List;CA
Rivera Library+Government Documents List Foreign=GovDoc;List;Foreign
Rivera Library+Government Documents List International=GovDoc;List;Intl
Rivera Library+Government Documents List UN=GovDoc;List;UN
Rivera Library+Government Documents List US=GovDoc;List;US
Rivera Library+Government Documents Local=GovDoc;Local
Rivera Library+Government Documents Maps=GovDoc;Map
Rivera Library+Government Documents Media CA=GovDoc;CA;Media
Rivera Library+Government Documents Media CD=GovDoc;Media;CD
Rivera Library+Government Documents Media DVD=GovDoc;Media;DVD
Rivera Library+Government Documents Media UN=GovDoc;Media;UN
Rivera Library+Government Documents Media US=GovDoc;Media;US
Rivera Library+Government Documents Media=GovDoc;Media
Rivera Library+Government Documents Microfiche US Law=GovDoc;US Law;Mfiche
Rivera Library+Government Documents Microfiche US=GovDoc;US;Mfiche
Rivera Library+Government Documents Microfiche=GovDoc;Mfiche
Rivera Library+Government Documents Microfilm=GovDoc;Film
Rivera Library+Government Documents Microprint=GovDoc;Mprint
Rivera Library+Government Documents Oversize=GovDoc;Oversize
Rivera Library+Government Documents Pamphlets CA=GovDoc;Pamphlet;CA
Rivera Library+Government Documents Pamphlets US=GovDoc;Pamphlet;US
Rivera Library+Government Documents Reference CA=GovDoc;Ref;CA
Rivera Library+Government Documents Reference LC=GovDoc;Ref;LC
Rivera Library+Government Documents Reference UN=GovDoc;Ref;UN
Rivera Library+Government Documents Reference US=GovDoc;Ref;US
Rivera Library+Government Documents UN Study Area=GovDoc;UN;Study Area
Rivera Library+Government Documents UN=GovDoc;UN
Rivera Library+Government Documents US=GovDoc;US
Rivera Library+Inter-Library Loan=Rivera;ILL;Unit
Rivera Library+Leisure Reading Collection=Rivera;Leisure;Reading
Rivera Library+Library Administration=Lib;Admin
Rivera Library+Rivera Circulation Desk=Rivera;Circ Desk
Rivera Library+Rivera Media Blu Ray=Rivera;Media;BluRay
Rivera Library+Rivera Media Cassette=Rivera;Media;Cassette
Rivera Library+Rivera Media CD=Rivera;Media;CD
Rivera Library+Rivera Media Computer File=Rivera;Media;CompFile
Rivera Library+Rivera Media DVD=Rivera;Media;DVD
Rivera Library+Rivera Media Record=Rivera;Media;Record
Rivera Library+Rivera Media VHS=Rivera Media;VHS
Rivera Library+Rivera Media Video Game=Rivera;Media;Video Game
Rivera Library+Rivera Microcard=Rivera;Mcard
Rivera Library+Rivera Microfiche 4x6=Rivera;Mfiche
Rivera Library+Rivera Microfiche=Rivera;Mfiche
Rivera Library+Rivera Microfilm=Rivera;Mfilm
Rivera Library+Rivera Microprint=Rivera;Mprint
Rivera Library+Rivera Permenant Reserve=Rivera;Perm Res
Rivera Library+Rivera Reference Oversize=Rivera;Ref;Oversize
Rivera Library+Rivera Reference=Rivera;Ref
Rivera Library+Rivera Reserve Blu Ray=Rivera;Reserve;BluRay
Rivera Library+Rivera Reserve CD=Rivera;Reserve;CD
Rivera Library+Rivera Reserve DVD=Rivera;Reserve;DVD
Rivera Library+Rivera Reserve Video Game=Rivera;Reserve;Video Game
Rivera Library+Rivera Reserve Video Tape=Rivera;Reserve;Video Tape
Rivera Library+Rivera Reserve=Rivera;Reserve
Rivera Library+Rivera Stacks Flat=Rivera;Flat
Rivera Library+Rivera Stacks Oversize=Rivera;Oversize
Rivera Library+Rivera Stacks WRCA=Rivera
Rivera Library+Rivera Stacks=Rivera
Rivera Library+Rivera Stacks Study Score=Rivera;Study;Score
Special Collections & University Archives+Costo Collection Reading Room Oversize=Rivera;Costo;Oversize
Special Collections & University Archives+Costo Collection Reading Room=Rivera;Costo
Special Collections & University Archives+DVD=SpCol;DVD
Special Collections & University Archives+Eaton Ace=SpCol;Eaton;Ace
Special Collections & University Archives+Eaton CD=SpCol;Eaton;CD
Special Collections & University Archives+Eaton Comics=SpCol;Eaton;Comics
Special Collections & University Archives+Eaton Computer File=SpCol;Eaton;CompFile
Special Collections & University Archives+Eaton DVD=SpCol;Eaton;DVD
Special Collections & University Archives+Eaton Flat Vault=SpCol;Eaton;Flat;V
Special Collections & University Archives+Eaton Flat=SpCol;Eaton;Flat
Special Collections & University Archives+Eaton Oversize Vault=SpCol;Eaton;Oversize V
Special Collections & University Archives+Eaton Oversize=SpCol;Eaton;Oversize
Special Collections & University Archives+Eaton Record=SpCol;Eaton;LP
Special Collections & University Archives+Eaton Tiny Vault=SpCol;Eaton;Tiny;V
Special Collections & University Archives+Eaton Tiny=SpCol;Eaton;Tiny
Special Collections & University Archives+Eaton Vault=SpCol;Eaton;V
Special Collections & University Archives+Eaton Video Disc=SpCol;Eaton;Video Disc
Special Collections & University Archives+Eaton Video Game=SpCol;Eaton;Video Game
Special Collections & University Archives+Eaton Video Tape=SpCol;Eaton;Video Tape
Special Collections & University Archives+Eaton=SpCol;Eaton
Special Collections & University Archives+Map Case=SpCol;Map Case
Special Collections & University Archives+Special Collections Map Rivera=SpCol;Map RIV
Special Collections & University Archives+Special Collections Archives=SpCol;Archives
Special Collections & University Archives+Special Collections Artists Books=SpCol;Artists;Books
Special Collections & University Archives+Special Collections Artists Books Flat=SpCol;Artists;Books;Flat
Special Collections & University Archives+Special Collections Artists Books Oversize=SpCol;Artists;Books;Oversize
Special Collections & University Archives+Special Collections Artists Books Tiny=SpCol;Artists;Books;Tiny
Special Collections & University Archives+Special Collections Artists Books Vault=SpCol;Artists;Books;V
Special Collections & University Archives+Special Collections CD=SpCol;CD
Special Collections & University Archives+Special Collections Computer File=SpCol;CompFile
Special Collections & University Archives+Special Collections Costo Oversize V=SpCol;Costo;Oversize V
Special Collections & University Archives+Special Collections Costo Oversize=SpCol;Costo;Oversize
Special Collections & University Archives+Special Collections Costo Vault=SpCol;Costo;V
Special Collections & University Archives+Special Collections Costo=SpCol;Costo
Special Collections & University Archives+Special Collections Flat V=SpCol;Flat;V
Special Collections & University Archives+Special Collections Flat=SpCol;Flat
Special Collections & University Archives+Special Collections Manuscripts=SpCol;Manuscripts
Special Collections & University Archives+Special Collections Map Case=SpCol;Map Case
Special Collections & University Archives+Special Collections Oversize Vault=SpCol;Oversize;V
Special Collections & University Archives+Special Collections Oversize=SpCol;Oversize
Special Collections & University Archives+Special Collections Pamphlets=SpCol;PamphColl
Special Collections & University Archives+Special Collections Photo Oversize=SpCol;Photo;Oversize
Special Collections & University Archives+Special Collections Photo Tiny=SpCol;Photo;Tiny
Special Collections & University Archives+Special Collections Photo=SpCol;Photo
Special Collections & University Archives+Special Collections Snyder Collection=Snyder
Special Collections & University Archives+Special Collections Staff Reference=SpCol;Staff;Reference
Special Collections & University Archives+Special Collections Thesis Oversize=SpCol;Thesis;Oversize
Special Collections & University Archives+Special Collections Thesis=SpCol;Thesis
Special Collections & University Archives+Special Collections Tiny Vault=SpCol;Tiny;V
Special Collections & University Archives+Special Collections Tiny=SpCol;Tiny
Special Collections & University Archives+Special Collections Traven Oversize=SpCol;Traven;Oversize
Special Collections & University Archives+Special Collections Traven Vault=SpCol;Traven;V
Special Collections & University Archives+Special Collections Traven=SpCol;Traven
Special Collections & University Archives+Special Collections Vault=SpCol;V
Special Collections & University Archives+Special Collections Video Tape=SpCol;Video Tape
Special Collections & University Archives+Special Collections=SpCol
Special Collections & University Archives+WRCA Oversize=SpCol;WRCA;Oversize
Special Collections & University Archives+WRCA=SpCol;WRCA
Special Collections & University Archives+Special Collections Leaves Vault=SpCol;Leaves;V
Special Collections & University Archives+Special Collections Leaves Tiny Vault=SpCol;Leaves;Tiny;V
Special Collections & University Archives+Special Collections Leaves Oversize Vault=SpCol;Leaves;Oversize;V
Special Collections & University Archives+Special Collections Leaves Flat Vault=SpCol;Leaves;Flat;V
